Date,Panam√°,Costa Rica,Nicaragua,Guatemala,El Salvador,Honduras
2020-01-22 00:00:00+00:00,0,0,0,0,0,0
2020-01-23 00:00:00+00:00,0,0,0,0,0,0
2020-01-24 00:00:00+00:00,0,0,0,0,0,0
2020-01-25 00:00:00+00:00,0,0,0,0,0,0
2020-01-26 00:00:00+00:00,0,0,0,0,0,0
2020-01-27 00:00:00+00:00,0,0,0,0,0,0
2020-01-28 00:00:00+00:00,0,0,0,0,0,0
2020-01-29 00:00:00+00:00,0,0,0,0,0,0
2020-01-30 00:00:00+00:00,0,0,0,0,0,0
2020-01-31 00:00:00+00:00,0,0,0,0,0,0
2020-02-01 00:00:00+00:00,0,0,0,0,0,0
2020-02-02 00:00:00+00:00,0,0,0,0,0,0
2020-02-03 00:00:00+00:00,0,0,0,0,0,0
2020-02-04 00:00:00+00:00,0,0,0,0,0,0
2020-02-05 00:00:00+00:00,0,0,0,0,0,0
2020-02-06 00:00:00+00:00,0,0,0,0,0,0
2020-02-07 00:00:00+00:00,0,0,0,0,0,0
2020-02-08 00:00:00+00:00,0,0,0,0,0,0
2020-02-09 00:00:00+00:00,0,0,0,0,0,0
2020-02-10 00:00:00+00:00,0,0,0,0,0,0
2020-02-11 00:00:00+00:00,0,0,0,0,0,0
2020-02-12 00:00:00+00:00,0,0,0,0,0,0
2020-02-13 00:00:00+00:00,0,0,0,0,0,0
2020-02-14 00:00:00+00:00,0,0,0,0,0,0
2020-02-15 00:00:00+00:00,0,0,0,0,0,0
2020-02-16 00:00:00+00:00,0,0,0,0,0,0
2020-02-17 00:00:00+00:00,0,0,0,0,0,0
2020-02-18 00:00:00+00:00,0,0,0,0,0,0
2020-02-19 00:00:00+00:00,0,0,0,0,0,0
2020-02-20 00:00:00+00:00,0,0,0,0,0,0
2020-02-21 00:00:00+00:00,0,0,0,0,0,0
2020-02-22 00:00:00+00:00,0,0,0,0,0,0
2020-02-23 00:00:00+00:00,0,0,0,0,0,0
2020-02-24 00:00:00+00:00,0,0,0,0,0,0
2020-02-25 00:00:00+00:00,0,0,0,0,0,0
2020-02-26 00:00:00+00:00,0,0,0,0,0,0
2020-02-27 00:00:00+00:00,0,0,0,0,0,0
2020-02-28 00:00:00+00:00,0,0,0,0,0,0
2020-02-29 00:00:00+00:00,0,0,0,0,0,0
2020-03-01 00:00:00+00:00,0,0,0,0,0,0
2020-03-02 00:00:00+00:00,0,0,0,0,0,0
2020-03-03 00:00:00+00:00,0,0,0,0,0,0
2020-03-04 00:00:00+00:00,0,0,0,0,0,0
2020-03-05 00:00:00+00:00,0,0,0,0,0,0
2020-03-06 00:00:00+00:00,0,1,0,0,0,0
2020-03-07 00:00:00+00:00,0,1,0,0,0,0
2020-03-08 00:00:00+00:00,0,5,0,0,0,0
2020-03-09 00:00:00+00:00,0,9,0,0,0,0
2020-03-10 00:00:00+00:00,1,9,0,0,0,0
2020-03-11 00:00:00+00:00,8,13,0,0,0,2
2020-03-12 00:00:00+00:00,11,22,0,0,0,2
2020-03-13 00:00:00+00:00,27,23,0,0,0,2
2020-03-14 00:00:00+00:00,36,26,0,1,0,2
2020-03-15 00:00:00+00:00,43,27,0,1,0,3
2020-03-16 00:00:00+00:00,55,35,0,2,0,6
2020-03-17 00:00:00+00:00,69,41,0,6,0,8
2020-03-18 00:00:00+00:00,86,50,0,6,0,9
2020-03-19 00:00:00+00:00,109,69,1,9,1,12
2020-03-20 00:00:00+00:00,137,89,1,12,1,24
2020-03-21 00:00:00+00:00,200,117,1,17,3,24
2020-03-22 00:00:00+00:00,313,134,2,19,3,26
2020-03-23 00:00:00+00:00,345,158,2,20,3,30
2020-03-24 00:00:00+00:00,345,177,2,21,5,30
2020-03-25 00:00:00+00:00,443,201,2,24,9,36
2020-03-26 00:00:00+00:00,558,231,2,25,13,52
2020-03-27 00:00:00+00:00,674,263,2,28,13,68
2020-03-28 00:00:00+00:00,786,295,2,34,19,95
2020-03-29 00:00:00+00:00,901,314,2,34,24,110
2020-03-30 00:00:00+00:00,989,330,4,36,30,139
2020-03-31 00:00:00+00:00,1181,347,4,38,32,141
2020-04-01 00:00:00+00:00,1181,375,5,39,32,172
2020-04-02 00:00:00+00:00,1317,396,5,47,41,219
2020-04-03 00:00:00+00:00,1475,416,5,50,46,222
2020-04-04 00:00:00+00:00,1673,435,5,61,56,264
2020-04-05 00:00:00+00:00,1801,454,5,61,62,268
2020-04-06 00:00:00+00:00,1988,467,5,70,69,298
2020-04-07 00:00:00+00:00,2100,483,6,77,78,305
2020-04-08 00:00:00+00:00,2249,502,6,87,93,312
2020-04-09 00:00:00+00:00,2528,539,6,95,103,343
2020-04-10 00:00:00+00:00,2752,558,6,126,117,382
2020-04-11 00:00:00+00:00,2974,577,7,137,118,392
2020-04-12 00:00:00+00:00,3234,595,7,155,125,393
2020-04-13 00:00:00+00:00,3400,612,9,156,137,397
2020-04-14 00:00:00+00:00,3472,618,9,167,149,407
2020-04-15 00:00:00+00:00,3574,626,9,180,159,419
2020-04-16 00:00:00+00:00,3751,642,9,196,164,426
2020-04-17 00:00:00+00:00,4016,649,9,214,177,442
2020-04-18 00:00:00+00:00,4210,655,9,235,190,457
2020-04-19 00:00:00+00:00,4273,660,9,257,201,472
2020-04-20 00:00:00+00:00,4467,662,9,289,218,477
2020-04-21 00:00:00+00:00,4658,669,9,294,225,494
2020-04-22 00:00:00+00:00,4821,681,10,316,237,510
2020-04-23 00:00:00+00:00,5166,686,10,384,250,519
2020-04-24 00:00:00+00:00,5338,687,10,430,274,591
2020-04-25 00:00:00+00:00,5538,693,11,473,274,627
2020-04-26 00:00:00+00:00,5779,695,11,500,298,627
2020-04-27 00:00:00+00:00,6021,697,13,530,323,661
2020-04-28 00:00:00+00:00,6021,705,13,530,345,702
2020-04-29 00:00:00+00:00,6378,713,13,557,377,738
2020-04-30 00:00:00+00:00,6532,719,13,599,395,771
2020-05-01 00:00:00+00:00,6720,725,14,644,424,804
2020-05-02 00:00:00+00:00,7090,733,14,688,446,1010
2020-05-03 00:00:00+00:00,7090,739,14,703,490,1055
2020-05-04 00:00:00+00:00,7197,742,14,730,555,1178
2020-05-05 00:00:00+00:00,7523,755,15,763,587,1270
2020-05-06 00:00:00+00:00,7731,761,15,798,633,1461
2020-05-07 00:00:00+00:00,7868,765,16,832,695,1685
2020-05-08 00:00:00+00:00,8070,773,16,900,742,1771
2020-05-09 00:00:00+00:00,8282,780,16,967,784,1830
2020-05-10 00:00:00+00:00,8448,792,16,1052,889,1972
2020-05-11 00:00:00+00:00,8616,801,16,1114,958,2100
2020-05-12 00:00:00+00:00,8783,804,16,1199,998,2080
2020-05-13 00:00:00+00:00,8944,815,16,1342,1037,2255
2020-05-14 00:00:00+00:00,9118,830,25,1518,1112,2318
2020-05-15 00:00:00+00:00,9268,843,25,1643,1210,2460
2020-05-16 00:00:00+00:00,9449,853,25,1763,1265,2565
2020-05-17 00:00:00+00:00,9606,863,25,1763,1338,2646
2020-05-18 00:00:00+00:00,9726,866,25,1912,1413,2798
2020-05-19 00:00:00+00:00,9867,882,25,2133,1498,2955
2020-05-20 00:00:00+00:00,9977,897,25,2265,1571,2955
2020-05-21 00:00:00+00:00,10116,903,279,2512,1640,3204
2020-05-22 00:00:00+00:00,10267,911,279,2743,1725,3477
2020-05-23 00:00:00+00:00,10577,918,279,3054,1819,3477
2020-05-24 00:00:00+00:00,10926,930,279,3424,1915,3950
2020-05-25 00:00:00+00:00,11183,951,279,3760,1983,4189
2020-05-26 00:00:00+00:00,11447,956,279,3954,2042,4401
2020-05-27 00:00:00+00:00,11728,984,279,4145,2109,4640
2020-05-28 00:00:00+00:00,12131,1000,759,4348,2194,4752
2020-05-29 00:00:00+00:00,12531,1022,885,4607,2278,4752
2020-05-30 00:00:00+00:00,13018,1047,885,4739,2395,5094
2020-05-31 00:00:00+00:00,13463,1056,885,5087,2517,5202
2020-06-01 00:00:00+00:00,13837,1084,885,5336,2582,5362
2020-06-02 00:00:00+00:00,14095,1105,885,5586,2653,5527
2020-06-03 00:00:00+00:00,14609,1157,950,5760,2705,5690
2020-06-04 00:00:00+00:00,15044,1194,1309,6154,2781,5880
2020-06-05 00:00:00+00:00,15463,1228,1309,6485,2849,5971
2020-06-06 00:00:00+00:00,16004,1263,1309,6792,2934,6155
2020-06-07 00:00:00+00:00,16425,1318,1309,7055,3015,6327
2020-06-08 00:00:00+00:00,16854,1342,1309,7502,3104,6450
2020-06-09 00:00:00+00:00,17233,1375,1309,7866,3191,6935
2020-06-10 00:00:00+00:00,17889,1461,1309,8221,3274,7360
2020-06-11 00:00:00+00:00,18586,1538,1655,8561,3373,7669
2020-06-12 00:00:00+00:00,19211,1612,1655,8982,3481,8132
2020-06-13 00:00:00+00:00,20059,1662,1655,9491,3603,8455
2020-06-14 00:00:00+00:00,21418,1715,1655,9845,3720,8858
2020-06-15 00:00:00+00:00,21422,1744,1655,10272,3826,9178
2020-06-16 00:00:00+00:00,21962,1796,1655,10706,3941,9656
2020-06-17 00:00:00+00:00,22597,1871,1655,11251,4066,10299
2020-06-18 00:00:00+00:00,23351,1939,2014,11868,4200,10739
2020-06-19 00:00:00+00:00,24274,2058,2014,12509,4329,11258
2020-06-20 00:00:00+00:00,25222,2127,2014,12755,4475,12306
2020-06-21 00:00:00+00:00,26030,2213,2014,13145,4626,12769
2020-06-22 00:00:00+00:00,26752,2277,2014,13769,4808,13356
2020-06-23 00:00:00+00:00,27314,2368,2014,14540,4973,13943
2020-06-24 00:00:00+00:00,28030,2515,2014,14819,5150,14571
2020-06-25 00:00:00+00:00,29037,2684,2014,15619,5336,15366
2020-06-26 00:00:00+00:00,29905,2836,2014,15828,5517,15994
2020-06-27 00:00:00+00:00,30658,2979,2014,16397,5727,17007
2020-06-28 00:00:00+00:00,31686,3130,2014,16930,5934,18082
2020-06-29 00:00:00+00:00,32785,3269,2014,17409,6173,18818
2020-06-30 00:00:00+00:00,33550,3459,2014,18096,6438,19558
2020-07-01 00:00:00+00:00,34463,3753,2014,19011,6736,20262
2020-07-02 00:00:00+00:00,35237,4023,2182,20072,7000,21120
2020-07-03 00:00:00+00:00,35995,4311,2182,21293,7267,22116
2020-07-04 00:00:00+00:00,36983,4621,2182,22501,7507,22921
2020-07-05 00:00:00+00:00,38149,4996,2182,23248,7777,23943
2020-07-06 00:00:00+00:00,39334,5241,2182,23972,8027,24665
2020-07-07 00:00:00+00:00,40291,5486,2182,24787,8307,25428
2020-07-08 00:00:00+00:00,41251,5836,2182,25411,8566,25978
2020-07-09 00:00:00+00:00,42216,6485,2411,26658,8844,26384
2020-07-10 00:00:00+00:00,43257,6845,2411,27619,9142,27053
2020-07-11 00:00:00+00:00,44332,7231,2411,28598,9391,27583
2020-07-12 00:00:00+00:00,45633,7596,2411,29355,9674,28090
2020-07-13 00:00:00+00:00,47173,8036,2411,29742,9978,28579
2020-07-14 00:00:00+00:00,48096,8482,2411,30872,10303,29106
2020-07-15 00:00:00+00:00,49243,8986,2712,32074,10645,30036
2020-07-16 00:00:00+00:00,50373,9546,2712,32939,10957,30867
2020-07-17 00:00:00+00:00,51408,9969,2712,33809,11207,31745
2020-07-18 00:00:00+00:00,52261,10551,2712,38042,11508,32793
2020-07-19 00:00:00+00:00,53468,11114,2712,38677,11846,33835
2020-07-20 00:00:00+00:00,54426,11534,2712,39039,12207,34611
2020-07-21 00:00:00+00:00,55153,11811,2712,40229,12582,35345
2020-07-22 00:00:00+00:00,55906,12361,3004,41135,12975,36102
2020-07-23 00:00:00+00:00,56817,13129,3004,42192,13377,36902
2020-07-24 00:00:00+00:00,57993,13669,3004,43283,13792,37559
2020-07-25 00:00:00+00:00,58864,14600,3004,44492,14221,38438
2020-07-26 00:00:00+00:00,60296,15229,3004,45053,14630,39276
2020-07-27 00:00:00+00:00,61442,15841,3004,45309,15035,39741
2020-07-28 00:00:00+00:00,62223,16344,3004,46451,15446,40460
2020-07-29 00:00:00+00:00,63269,16800,3080,47605,15841,40944
2020-07-30 00:00:00+00:00,64191,17290,3080,48826,16230,41426
2020-07-31 00:00:00+00:00,65256,17820,3080,49789,16632,42014
2020-08-01 00:00:00+00:00,66383,18187,3080,50979,17050,42685
2020-08-02 00:00:00+00:00,67453,18975,3080,51306,17448,43197
2020-08-03 00:00:00+00:00,68456,19402,3080,51542,17843,43794
2020-08-04 00:00:00+00:00,69424,19837,3080,52365,18262,44299
2020-08-05 00:00:00+00:00,70231,20417,3266,53509,18701,45098
2020-08-06 00:00:00+00:00,71418,21070,3266,54339,19126,45755
2020-08-07 00:00:00+00:00,72560,22081,3266,55270,19544,46365
2020-08-08 00:00:00+00:00,73651,22802,3266,56189,19978,46973
2020-08-09 00:00:00+00:00,74492,23286,3266,56605,20423,47454
2020-08-10 00:00:00+00:00,75394,23872,3266,56987,20872,47872
2020-08-11 00:00:00+00:00,76464,24508,3266,57966,21269,48403
2020-08-12 00:00:00+00:00,77377,25057,3413,59089,21644,48657
2020-08-13 00:00:00+00:00,78446,26129,3413,60284,21993,49042
2020-08-14 00:00:00+00:00,79402,26931,3413,61428,22314,49467
2020-08-15 00:00:00+00:00,80665,27737,3413,62313,22619,49979
2020-08-16 00:00:00+00:00,81940,28465,3413,62562,22912,50502
2020-08-17 00:00:00+00:00,82543,29084,3413,62944,23193,50995
2020-08-18 00:00:00+00:00,82790,29643,3413,63847,23462,51670
2020-08-19 00:00:00+00:00,83754,30409,3540,64881,23717,52298
2020-08-20 00:00:00+00:00,83855,31075,3540,65983,23964,52819
2020-08-21 00:00:00+00:00,84392,32134,3540,66941,24200,53381
2020-08-22 00:00:00+00:00,85480,33084,3540,67856,24420,53983
2020-08-23 00:00:00+00:00,86900,33820,3540,68188,24622,54511
2020-08-24 00:00:00+00:00,87485,34463,3540,68533,24811,55479
2020-08-25 00:00:00+00:00,88381,35305,3540,69651,24986,55877
2020-08-26 00:00:00+00:00,89082,36307,3659,70714,25140,56649
2020-08-27 00:00:00+00:00,89982,37292,3659,71856,25284,57669
2020-08-28 00:00:00+00:00,90624,38485,3659,72921,25415,58810
2020-08-29 00:00:00+00:00,91337,39699,3659,73679,25537,59645
2020-08-30 00:00:00+00:00,92065,39699,3659,73912,25635,60174
2020-08-31 00:00:00+00:00,92982,41287,3659,74074,25729,61014
2020-09-01 00:00:00+00:00,93552,42184,3659,74893,25820,61769
2020-09-02 00:00:00+00:00,94084,43305,3773,75644,25904,62526
2020-09-03 00:00:00+00:00,94914,44458,3773,76358,26000,63158
2020-09-04 00:00:00+00:00,95596,45680,3773,77040,26099,63798
2020-09-05 00:00:00+00:00,96305,46920,3773,77481,26206,64352
2020-09-06 00:00:00+00:00,97043,46920,3773,77683,26308,64764
2020-09-07 00:00:00+00:00,97578,48780,3773,77828,26413,64814
2020-09-08 00:00:00+00:00,98407,49897,3773,78721,26511,65218
2020-09-09 00:00:00+00:00,99042,51224,3877,79622,26602,65597
2020-09-10 00:00:00+00:00,99715,52549,3877,80306,26688,65802
2020-09-11 00:00:00+00:00,100330,53969,3877,81009,26773,66049
2020-09-12 00:00:00+00:00,101041,55454,3877,81658,26851,67136
2020-09-13 00:00:00+00:00,101745,55454,3877,81909,26928,67789
2020-09-14 00:00:00+00:00,102204,57361,3877,82172,27009,68620
2020-09-15 00:00:00+00:00,102832,58137,3877,82684,27088,68620
2020-09-16 00:00:00+00:00,103466,59516,3979,82924,27163,69660
2020-09-17 00:00:00+00:00,104138,60818,3979,83664,27249,70120
2020-09-18 00:00:00+00:00,104879,62374,3979,84344,27346,70611
2020-09-19 00:00:00+00:00,105601,63712,3979,85152,27428,71143
2020-09-20 00:00:00+00:00,106203,63712,3979,85444,27553,71616
2020-09-21 00:00:00+00:00,106810,65602,3979,85681,27798,72075
2020-09-22 00:00:00+00:00,107284,66689,3979,86623,27954,72306
2020-09-23 00:00:00+00:00,107990,68059,4065,87442,28201,72675
2020-09-24 00:00:00+00:00,108726,69459,4065,87933,28415,73193
2020-09-25 00:00:00+00:00,109431,70816,4065,88878,28630,73840
2020-09-26 00:00:00+00:00,110108,72049,4065,89702,28722,74548
2020-09-27 00:00:00+00:00,110555,72049,4065,90092,28630,74548
2020-09-28 00:00:00+00:00,111277,73714,4065,90263,28809,75537
2020-09-29 00:00:00+00:00,111853,74604,4065,90968,28981,76098
2020-09-30 00:00:00+00:00,112595,75760,4146,91746,29077,76900
2020-10-01 00:00:00+00:00,113342,76828,4146,92409,29175,77598
2020-10-02 00:00:00+00:00,113962,77829,4146,93090,29269,78269
2020-10-03 00:00:00+00:00,114653,79182,4146,93748,29358,78788
2020-10-04 00:00:00+00:00,115286,79182,4146,93963,29450,79629
2020-10-05 00:00:00+00:00,115919,81129,4146,94182,29539,80020
2020-10-06 00:00:00+00:00,116602,82142,4146,94870,29634,80662
2020-10-07 00:00:00+00:00,117300,83497,4225,95704,29737,81016
2020-10-08 00:00:00+00:00,118054,84828,4225,96480,29842,81672
2020-10-09 00:00:00+00:00,118841,86053,4225,96935,29951,82552
2020-10-10 00:00:00+00:00,119666,87439,4225,97544,30070,83146
2020-10-11 00:00:00+00:00,120313,87439,4225,97715,30196,84081
2020-10-12 00:00:00+00:00,120802,89223,4225,97826,30335,84413
2020-10-13 00:00:00+00:00,121296,90238,4225,98380,30480,84852
2020-10-14 00:00:00+00:00,122128,91780,4297,99094,30766,85458
2020-10-15 00:00:00+00:00,122883,93152,4297,99765,31061,86089
2020-10-16 00:00:00+00:00,123498,94348,4297,100431,31265,86691
2020-10-17 00:00:00+00:00,124107,95514,4297,101028,31456,87594
2020-10-18 00:00:00+00:00,124745,95514,4297,101360,31666,88425
2020-10-19 00:00:00+00:00,125181,97075,4297,101599,31826,89381
2020-10-20 00:00:00+00:00,125739,97922,4297,102219,31975,90232
2020-10-21 00:00:00+00:00,126435,99425,4362,102415,32120,91078
2020-10-22 00:00:00+00:00,127227,100616,4362,103172,32262,91509
2020-10-23 00:00:00+00:00,127866,101826,4362,103902,32421,91509
2020-10-24 00:00:00+00:00,128515,103088,4362,104632,32585,92724
2020-10-25 00:00:00+00:00,129200,103088,4362,104787,32752,93214
2020-10-26 00:00:00+00:00,129751,104460,4362,104894,32925,93966
2020-10-27 00:00:00+00:00,130422,105322,4362,105571,33090,94623
2020-10-28 00:00:00+00:00,131247,106553,4424,106320,33264,95199
2020-10-29 00:00:00+00:00,132045,107570,4424,106790,33445,96150
2020-10-30 00:00:00+00:00,132867,108866,4424,107339,33631,96888
2020-10-31 00:00:00+00:00,133598,109971,4424,107939,33826,96888
2020-11-01 00:00:00+00:00,134336,109971,4424,108104,34015,98212
2020-11-02 00:00:00+00:00,134915,111257,4424,108104,34214,98405
2020-11-03 00:00:00+00:00,135592,112120,4424,108483,34404,98688
2020-11-04 00:00:00+00:00,136024,113261,4480,109147,34577,99124
2020-11-05 00:00:00+00:00,136567,114367,4480,109849,34782,99347
2020-11-06 00:00:00+00:00,137760,115417,4480,110502,34966,99576
2020-11-07 00:00:00+00:00,138506,116363,4480,111050,35145,100041
2020-11-08 00:00:00+00:00,139527,116363,4480,111262,35326,100041
2020-11-09 00:00:00+00:00,140331,117587,4480,111360,35509,100573
2020-11-10 00:00:00+00:00,141302,118566,4480,112129,35684,100804
2020-11-11 00:00:00+00:00,142465,119768,4533,112811,35862,101169
2020-11-12 00:00:00+00:00,143352,120939,4533,113543,36030,101468
2020-11-13 00:00:00+00:00,144477,122123,4533,114123,36195,102079
2020-11-14 00:00:00+00:00,145309,123223,4533,114719,36358,102555
2020-11-15 00:00:00+00:00,146653,123223,4533,114885,36516,103102
2020-11-16 00:00:00+00:00,147667,124592,4533,115032,36669,103239
2020-11-17 00:00:00+00:00,148721,125590,4533,115730,36819,103488
2020-11-18 00:00:00+00:00,149833,127012,4583,116381,36965,103488
2020-11-19 00:00:00+00:00,151089,128231,4583,117066,37109,103488
2020-11-20 00:00:00+00:00,152289,129418,4583,117757,37250,103551
2020-11-21 00:00:00+00:00,153577,129418,4583,118417,37404,104435
2020-11-22 00:00:00+00:00,154783,129418,4583,118629,37562,104435
2020-11-23 00:00:00+00:00,155658,132295,4583,118722,37719,105211
2020-11-24 00:00:00+00:00,156930,133190,4583,119349,37884,105211
2020-11-25 00:00:00+00:00,158532,134520,4629,119989,38058,106116
2020-11-26 00:00:00+00:00,160287,135742,4629,120685,38228,106681
2020-11-27 00:00:00+00:00,161744,137093,4629,121132,38405,107134
2020-11-28 00:00:00+00:00,163453,137093,4629,121798,38586,107513
2020-11-29 00:00:00+00:00,164729,137093,4629,121971,38758,107888
2020-11-30 00:00:00+00:00,165806,139638,4629,122062,38941,108253
2020-12-01 00:00:00+00:00,167311,140172,4629,122774,39130,108253
2020-12-02 00:00:00+00:00,169339,141340,4671,123460,39327,109144
2020-12-03 00:00:00+00:00,171219,142505,4671,124053,39515,109760
2020-12-04 00:00:00+00:00,173607,143685,4671,124805,39718,109760
2020-12-05 00:00:00+00:00,175907,143685,4671,125352,39930,109960
2020-12-06 00:00:00+00:00,177719,143685,4671,125550,40131,111023
2020-12-07 00:00:00+00:00,179230,146421,4671,125674,40345,111023
2020-12-08 00:00:00+00:00,181166,147430,4671,126473,40551,111707
2020-12-09 00:00:00+00:00,182977,148688,4709,127127,40741,112792
2020-12-10 00:00:00+00:00,185424,149815,4709,127786,40946,113207
2020-12-11 00:00:00+00:00,187779,150947,4709,128541,41163,113708
2020-12-12 00:00:00+00:00,190585,150947,4709,129099,41394,114043
2020-12-13 00:00:00+00:00,193007,150947,4709,129282,41631,114359
2020-12-14 00:00:00+00:00,194619,153169,4709,129405,41880,114642
2020-12-15 00:00:00+00:00,196987,154096,4709,130082,42132,114943
2020-12-16 00:00:00+00:00,199947,155263,4748,130828,42397,115317
2020-12-17 00:00:00+00:00,203295,156388,4748,131435,42641,115474
2020-12-18 00:00:00+00:00,206310,157472,4748,132062,42914,116212
2020-12-19 00:00:00+00:00,209584,157472,4748,132595,43195,116212
2020-12-20 00:00:00+00:00,212339,157472,4748,132765,43477,117022
2020-12-21 00:00:00+00:00,214038,159893,4748,132867,43772,117190
2020-12-22 00:00:00+00:00,217202,160804,4748,133601,44058,117588
2020-12-23 00:00:00+00:00,220261,161942,4790,134256,44328,118036
2020-12-24 00:00:00+00:00,223674,162990,4790,134894,44619,118036
2020-12-25 00:00:00+00:00,226660,162990,4790,135080,44892,118659
2020-12-26 00:00:00+00:00,228724,162990,4790,135171,44892,119097
2020-12-27 00:00:00+00:00,231357,162990,4790,135309,45157,119097
2020-12-28 00:00:00+00:00,233705,165762,4790,135441,45415,119713
2020-12-29 00:00:00+00:00,238279,166799,4790,136287,45684,120912
2020-12-30 00:00:00+00:00,242744,168114,4829,137166,45960,120912
2020-12-31 00:00:00+00:00,246790,169321,4829,138012,46242,121827
2021-01-01 00:00:00+00:00,249733,169321,4829,138236,46515,122974
2021-01-02 00:00:00+00:00,251764,169321,4829,138316,46803,123144
2021-01-03 00:00:00+00:00,253736,169321,4829,138475,46803,123369
2021-01-04 00:00:00+00:00,256230,172436,4829,138656,47087,123398
2021-01-05 00:00:00+00:00,259770,173591,4829,139419,47355,123822
2021-01-06 00:00:00+00:00,264956,175038,4867,140202,47645,124899
2021-01-07 00:00:00+00:00,269091,176407,4867,141074,47948,125118
2021-01-08 00:00:00+00:00,273037,177614,4867,142064,48255,125557
2021-01-09 00:00:00+00:00,276772,177614,4867,143127,48574,126943
2021-01-10 00:00:00+00:00,279196,177614,4867,143243,48905,127945
2021-01-11 00:00:00+00:00,281353,180061,4867,143243,49224,128701
2021-01-12 00:00:00+00:00,285093,181093,4867,144982,49539,129805
2021-01-13 00:00:00+00:00,288408,182156,4916,145986,49859,131009
2021-01-14 00:00:00+00:00,291285,183242,4916,146937,50157,131963
2021-01-15 00:00:00+00:00,293592,184187,4916,147560,50467,132412
2021-01-16 00:00:00+00:00,296269,184187,4916,148598,50784,133507
2021-01-17 00:00:00+00:00,298019,184187,4916,148888,51107,134111
2021-01-18 00:00:00+00:00,299361,186016,4916,149146,51437,134938
2021-01-19 00:00:00+00:00,301534,186877,4916,150277,51772,136068
2021-01-20 00:00:00+00:00,303777,187712,4953,151324,52094,136898
2021-01-21 00:00:00+00:00,305752,188477,4953,152395,52388,138044
2021-01-22 00:00:00+00:00,307793,189308,4953,152956,52672,139182
2021-01-23 00:00:00+00:00,309851,189308,4953,153890,52949,140238
2021-01-24 00:00:00+00:00,311244,189308,4953,154212,53218,140929
2021-01-25 00:00:00+00:00,312158,190745,4953,154430,53479,141984
2021-01-26 00:00:00+00:00,313834,191345,4953,155459,53738,142880
2021-01-27 00:00:00+00:00,315400,192066,4992,156497,53989,144007
2021-01-28 00:00:00+00:00,316808,192637,4992,157595,54241,144992
2021-01-29 00:00:00+00:00,318253,193276,4992,158336,54488,146110
2021-01-30 00:00:00+00:00,319453,193276,4992,159118,54723,147100
2021-01-31 00:00:00+00:00,320379,193276,4992,159504,54966,147843
2021-02-01 00:00:00+00:00,321103,194569,4992,159632,55195,147843
2021-02-02 00:00:00+00:00,322201,195009,4992,160299,55416,148951
2021-02-03 00:00:00+00:00,323382,195537,5027,160966,55623,151103
2021-02-04 00:00:00+00:00,324489,195992,5027,161665,55821,152225
2021-02-05 00:00:00+00:00,325487,196438,5027,162295,56025,153253
2021-02-06 00:00:00+00:00,326464,196438,5027,162937,56237,153905
2021-02-07 00:00:00+00:00,327091,196438,5027,163137,56442,154568
2021-02-08 00:00:00+00:00,327654,197435,5027,163247,56653,155735
2021-02-09 00:00:00+00:00,328476,197852,5027,163993,56859,156606
2021-02-10 00:00:00+00:00,329367,198338,5064,164746,57046,157468
2021-02-11 00:00:00+00:00,330075,198756,5064,165532,57229,158355
2021-02-12 00:00:00+00:00,330985,199187,5064,166283,57428,159024
2021-02-13 00:00:00+00:00,331692,199187,5064,167071,57638,159788
2021-02-14 00:00:00+00:00,332179,199187,5064,167279,57839,160171
2021-02-15 00:00:00+00:00,332679,200024,5064,167383,58023,160983
2021-02-16 00:00:00+00:00,333251,200454,5064,168103,58200,161727
2021-02-17 00:00:00+00:00,333755,200888,5106,168880,58374,162584
2021-02-18 00:00:00+00:00,334463,201241,5106,169610,58546,163305
2021-02-19 00:00:00+00:00,335339,201678,5106,170275,58728,164077
2021-02-20 00:00:00+00:00,336037,201678,5106,170931,58903,164495
2021-02-21 00:00:00+00:00,336521,201678,5106,171170,59071,165095
2021-02-22 00:00:00+00:00,337087,202674,5106,171289,59235,165737
2021-02-23 00:00:00+00:00,337805,203097,5106,172072,59396,166547
2021-02-24 00:00:00+00:00,338701,203496,5142,172764,59555,167494
2021-02-25 00:00:00+00:00,339383,203914,5142,173142,59712,168243
2021-02-26 00:00:00+00:00,339781,204341,5142,173814,59866,168911
2021-02-27 00:00:00+00:00,340445,204341,5142,174335,60021,169754
2021-02-28 00:00:00+00:00,340915,204341,5142,174542,60181,170304
2021-03-01 00:00:00+00:00,341420,205086,5142,174653,60337,170985
2021-03-02 00:00:00+00:00,342019,205514,5142,175411,60491,171758
2021-03-03 00:00:00+00:00,342741,205890,5176,176250,60640,172100
2021-03-04 00:00:00+00:00,343281,206293,5176,176876,60800,172577
2021-03-05 00:00:00+00:00,343743,206640,5176,177716,60952,172577
2021-03-06 00:00:00+00:00,344477,206640,5176,178337,61101,173020
2021-03-07 00:00:00+00:00,344834,206640,5176,178560,61251,173729
2021-03-08 00:00:00+00:00,345236,206640,5176,178770,61398,174243
2021-03-09 00:00:00+00:00,345759,207832,5176,179563,61539,174508
2021-03-10 00:00:00+00:00,346301,207832,5216,180393,61677,175442
2021-03-11 00:00:00+00:00,346775,207832,5216,181143,61814,176427
2021-03-12 00:00:00+00:00,347226,209093,5216,181974,61947,177168
2021-03-13 00:00:00+00:00,347641,209093,5216,182679,62086,177832
2021-03-14 00:00:00+00:00,347919,209093,5216,182881,62229,178277
2021-03-15 00:00:00+00:00,348155,209093,5216,183014,62377,178925
2021-03-16 00:00:00+00:00,348580,210447,5216,183985,62531,179515
2021-03-17 00:00:00+00:00,349020,210447,5251,184934,62691,180271
2021-03-18 00:00:00+00:00,349505,210447,5251,185832,62853,180796
2021-03-19 00:00:00+00:00,350220,211903,5251,186740,63017,181357
2021-03-20 00:00:00+00:00,350665,211903,5251,187659,63188,181931
2021-03-21 00:00:00+00:00,350991,211903,5251,187911,63344,182409
2021-03-22 00:00:00+00:00,351213,211903,5251,188119,63490,183280
2021-03-23 00:00:00+00:00,351667,213438,5251,189067,63631,184031
2021-03-24 00:00:00+00:00,352082,213438,5288,190208,63766,184821
2021-03-25 00:00:00+00:00,352579,213438,5288,191207,63900,185484
2021-03-26 00:00:00+00:00,353017,215178,5288,192133,64039,186337
2021-03-27 00:00:00+00:00,353497,215178,5288,193050,64168,187015
2021-03-28 00:00:00+00:00,353839,215178,5288,193377,64298,187460
2021-03-29 00:00:00+00:00,354085,215178,5288,193556,64431,187975
2021-03-30 00:00:00+00:00,354604,216764,5288,193834,64573,188514
2021-03-31 00:00:00+00:00,355051,216764,5326,193834,64726,189043
2021-04-01 00:00:00+00:00,355499,216764,5326,194756,64875,189726
2021-04-02 00:00:00+00:00,355850,216764,5326,195036,65030,189726
2021-04-03 00:00:00+00:00,356073,216764,5326,195239,65180,190142
2021-04-04 00:00:00+00:00,356377,216764,5326,195471,65337,190631
2021-04-05 00:00:00+00:00,356556,216764,5326,195680,65491,191136
2021-04-06 00:00:00+00:00,356913,219846,5326,197020,65491,192413
2021-04-07 00:00:00+00:00,357277,219846,5366,198374,65491,193029
2021-04-08 00:00:00+00:00,357704,219846,5366,199964,65491,193783
2021-04-09 00:00:00+00:00,358098,222544,5366,201295,65491,194548
2021-04-10 00:00:00+00:00,358377,222544,5366,202640,65491,195525
2021-04-11 00:00:00+00:00,358611,222544,5366,203071,66489,195780
2021-04-12 00:00:00+00:00,358792,222544,5366,203309,66489,196086
2021-04-13 00:00:00+00:00,359121,225343,5366,205322,66816,196704
2021-04-14 00:00:00+00:00,359516,225343,5407,207127,66956,198214
2021-04-15 00:00:00+00:00,359830,227533,5407,208694,67099,198975
2021-04-16 00:00:00+00:00,360249,228577,5407,210667,67249,199682
2021-04-17 00:00:00+00:00,360597,228577,5407,212307,67404,200259
2021-04-18 00:00:00+00:00,360841,228577,5407,212734,67557,200935
2021-04-19 00:00:00+00:00,361044,230837,5407,213049,67557,201677
2021-04-20 00:00:00+00:00,361319,231967,5407,214700,67851,202413
2021-04-21 00:00:00+00:00,361678,233498,5450,216329,68007,202413
2021-04-22 00:00:00+00:00,361992,235274,5450,218145,68161,204828
2021-04-23 00:00:00+00:00,362358,236930,5450,219789,68318,205696
2021-04-24 00:00:00+00:00,362696,238760,5450,221307,68468,205696
2021-04-25 00:00:00+00:00,362967,238760,5450,221698,68468,206907
2021-04-26 00:00:00+00:00,363165,241240,5450,221939,68468,206907
2021-04-27 00:00:00+00:00,363533,243167,5450,223025,68922,207320
2021-04-28 00:00:00+00:00,363895,245601,5498,224621,68922,208356
2021-04-29 00:00:00+00:00,364218,248382,5498,226247,69198,211076
2021-04-30 00:00:00+00:00,364576,250991,5498,227671,69198,212333
2021-05-01 00:00:00+00:00,364844,250991,5498,228477,69198,213167
2021-05-02 00:00:00+00:00,365104,250991,5498,228684,69198,213167
2021-05-03 00:00:00+00:00,365299,256676,5498,228871,69727,214475
2021-05-04 00:00:00+00:00,365619,257980,5498,230095,69727,215833
2021-05-05 00:00:00+00:00,365975,260535,5575,231289,69997,216964
2021-05-06 00:00:00+00:00,366364,263094,5575,232439,69997,217595
2021-05-07 00:00:00+00:00,366762,265486,5575,233696,70255,218330
2021-05-08 00:00:00+00:00,367270,265486,5575,234883,70255,219288
2021-05-09 00:00:00+00:00,367656,265486,5575,235098,70380,219288
2021-05-10 00:00:00+00:00,367908,271478,5575,235304,70380,220185
2021-05-11 00:00:00+00:00,368368,273714,5575,236266,70380,222118
2021-05-12 00:00:00+00:00,368930,276887,5649,237682,70915,222992
2021-05-13 00:00:00+00:00,369455,279926,5649,238787,70915,222992
2021-05-14 00:00:00+00:00,370043,282741,5649,240170,70915,223922
2021-05-15 00:00:00+00:00,370533,282741,5649,241117,71330,225964
2021-05-16 00:00:00+00:00,370877,282741,5649,241369,71479,226719
2021-05-17 00:00:00+00:00,371145,288626,5649,241528,71479,227516
2021-05-18 00:00:00+00:00,371684,290920,5649,242784,71479,228287
2021-05-19 00:00:00+00:00,372221,293820,5731,243833,71479,229211
2021-05-20 00:00:00+00:00,372800,296632,5731,245247,71479,230311
2021-05-21 00:00:00+00:00,373308,299219,5731,246156,72220,231560
2021-05-22 00:00:00+00:00,373774,299219,5731,247106,72220,232141
2021-05-23 00:00:00+00:00,374121,299219,5731,247454,72220,232672
2021-05-24 00:00:00+00:00,374356,304529,5731,247644,72220,233116
2021-05-25 00:00:00+00:00,374937,306899,5731,248824,72821,233916
2021-05-26 00:00:00+00:00,375600,309486,5833,250296,72821,234923
2021-05-27 00:00:00+00:00,376237,311922,5833,251336,72821,235599
2021-05-28 00:00:00+00:00,376854,314102,5833,252929,73246,236451
2021-05-29 00:00:00+00:00,377428,314102,5833,253837,73246,236952
2021-05-30 00:00:00+00:00,377776,314102,5833,254225,73246,236952
2021-05-31 00:00:00+00:00,378097,318986,5833,254417,73702,238227
2021-06-01 00:00:00+00:00,378828,321279,5833,255833,73702,238820
2021-06-02 00:00:00+00:00,379506,323598,5949,257167,73702,239428
2021-06-03 00:00:00+00:00,380207,325779,5949,258633,74141,240382
2021-06-04 00:00:00+00:00,381122,327979,5949,259954,74141,241039
2021-06-05 00:00:00+00:00,381949,327979,5949,261392,74141,241574
2021-06-06 00:00:00+00:00,382475,327979,5949,261958,74141,241826
2021-06-07 00:00:00+00:00,382851,331920,5949,262255,74141,242377
2021-06-08 00:00:00+00:00,383733,333820,5949,263836,74983,242796
2021-06-09 00:00:00+00:00,384512,336007,6085,265662,74983,243467
2021-06-10 00:00:00+00:00,385353,338048,6085,267447,75351,244295
2021-06-11 00:00:00+00:00,386269,339900,6085,269308,75351,245695
2021-06-12 00:00:00+00:00,387127,339900,6085,271131,75351,247074
2021-06-13 00:00:00+00:00,387842,339900,6085,271703,75351,247728
2021-06-14 00:00:00+00:00,388325,343604,6085,271990,75351,248115
2021-06-15 00:00:00+00:00,389173,345312,6085,273730,76297,249118
2021-06-16 00:00:00+00:00,390221,347157,6243,275202,76495,249931
2021-06-17 00:00:00+00:00,391190,349026,6243,276927,76495,249931
2021-06-18 00:00:00+00:00,392166,350630,6243,278409,76697,251149
2021-06-19 00:00:00+00:00,393144,350630,6243,279947,76697,253128
2021-06-20 00:00:00+00:00,393727,350630,6243,280507,77100,253875
2021-06-21 00:00:00+00:00,394241,354095,6243,280854,77484,254194
2021-06-22 00:00:00+00:00,395449,355620,6243,282713,77484,255117
2021-06-23 00:00:00+00:00,396526,357523,6402,284741,77484,255663
2021-06-24 00:00:00+00:00,397727,359266,6402,286708,77484,256818
2021-06-25 00:00:00+00:00,398820,361005,6402,288987,77484,258349
2021-06-26 00:00:00+00:00,399877,361005,6402,290852,77484,259628
2021-06-27 00:00:00+00:00,400666,361005,6402,291595,78572,259628
2021-06-28 00:00:00+00:00,401332,364304,6402,291977,78766,260331
2021-06-29 00:00:00+00:00,402581,366161,6402,292674,78766,262069
2021-06-30 00:00:00+00:00,403778,367938,6604,293583,78766,262760
2021-07-01 00:00:00+00:00,404983,369540,6604,296438,78766,263376
2021-07-02 00:00:00+00:00,406013,371206,6604,298904,78766,265174
2021-07-03 00:00:00+00:00,407330,371206,6604,301189,79790,266918
2021-07-04 00:00:00+00:00,408123,371206,6604,302012,79790,267858
2021-07-05 00:00:00+00:00,408728,374324,6604,302534,80235,269000
2021-07-06 00:00:00+00:00,410004,375812,6604,305319,80235,270020
2021-07-07 00:00:00+00:00,411226,377091,6819,308273,80235,270689
2021-07-08 00:00:00+00:00,412466,378938,6819,311342,80932,271619
2021-07-09 00:00:00+00:00,413626,380482,6819,314302,80932,272730
2021-07-10 00:00:00+00:00,414647,380482,6819,317311,80932,273702
2021-07-11 00:00:00+00:00,415480,380482,6819,318541,81644,274478
2021-07-12 00:00:00+00:00,416232,380482,6819,319157,81644,274977
2021-07-13 00:00:00+00:00,417087,385069,6819,322120,82130,275675
2021-07-14 00:00:00+00:00,418604,386722,7044,325024,82363,276989
2021-07-15 00:00:00+00:00,419829,388298,7044,327755,82605,277974
2021-07-16 00:00:00+00:00,420916,389798,7044,330651,82852,279257
2021-07-17 00:00:00+00:00,421957,389798,7044,333126,82852,279257
2021-07-18 00:00:00+00:00,422678,389798,7044,333827,82852,279257
2021-07-19 00:00:00+00:00,423366,392781,7044,334375,82852,281604
2021-07-20 00:00:00+00:00,424455,394135,7044,337762,82852,282686
2021-07-21 00:00:00+00:00,425599,395667,7313,340857,84144,284187
2021-07-22 00:00:00+00:00,426849,397469,7313,344221,84144,285375
2021-07-23 00:00:00+00:00,427987,398608,7313,347496,84691,286635
2021-07-24 00:00:00+00:00,429083,398608,7313,350816,84691,286635
2021-07-25 00:00:00+00:00,429949,398608,7313,352088,84691,286635
2021-07-26 00:00:00+00:00,430444,398608,7313,352584,84691,290447
2021-07-27 00:00:00+00:00,431554,402044,7313,355223,85779,291687
2021-07-28 00:00:00+00:00,432523,403511,7592,358798,86059,292969
2021-07-29 00:00:00+00:00,433545,405206,7592,362134,86059,294561
2021-07-30 00:00:00+00:00,434460,406814,7592,365528,86620,297111
2021-07-31 00:00:00+00:00,435655,406814,7592,368484,86620,297111
2021-08-01 00:00:00+00:00,436475,406814,7592,369626,86620,297111
2021-08-02 00:00:00+00:00,436812,406814,7592,370258,87498,300572
2021-08-03 00:00:00+00:00,437744,411123,7592,373047,87498,300572
2021-08-04 00:00:00+00:00,438781,412918,7890,377446,87498,303387
2021-08-05 00:00:00+00:00,439599,414745,7890,381514,88371,304181
2021-08-06 00:00:00+00:00,439599,416677,7890,385512,88371,305936
2021-08-07 00:00:00+00:00,441316,416677,7890,389510,88371,305936
2021-08-08 00:00:00+00:00,442295,416677,7890,390514,88371,305936
2021-08-09 00:00:00+00:00,442818,420462,7890,391118,88371,305936
2021-08-10 00:00:00+00:00,443718,422344,7890,394372,88371,309029
2021-08-11 00:00:00+00:00,444695,424472,8193,398990,90129,312192
2021-08-12 00:00:00+00:00,445651,426474,8193,403348,90129,312192
2021-08-13 00:00:00+00:00,446409,428295,8193,407564,90129,316235
2021-08-14 00:00:00+00:00,447261,428295,8193,411731,90129,316235
2021-08-15 00:00:00+00:00,447824,428295,8193,413040,90129,316235
2021-08-16 00:00:00+00:00,448268,432149,8193,413797,90129,319831
2021-08-17 00:00:00+00:00,448924,434081,8193,417620,90129,321675
2021-08-18 00:00:00+00:00,449762,436276,8496,422270,92135,323625
2021-08-19 00:00:00+00:00,450624,438587,8496,428096,92416,323625
2021-08-20 00:00:00+00:00,451293,440647,8496,433339,92686,326830
2021-08-21 00:00:00+00:00,451984,440647,8496,437919,92686,326830
2021-08-22 00:00:00+00:00,452598,440647,8496,439253,92686,326830
2021-08-23 00:00:00+00:00,452986,445442,8496,440007,92686,329691
2021-08-24 00:00:00+00:00,453466,447672,8496,444924,92686,331372
2021-08-25 00:00:00+00:00,454330,450291,8867,450150,94060,331372
2021-08-26 00:00:00+00:00,454878,452997,8867,455263,94060,333890
2021-08-27 00:00:00+00:00,455527,455784,8867,460017,94060,333890
2021-08-28 00:00:00+00:00,456203,455784,8867,463753,94060,335398
2021-08-29 00:00:00+00:00,456666,455784,8867,465059,94060,335398
2021-08-30 00:00:00+00:00,457037,461145,8867,465799,94060,338757
2021-08-31 00:00:00+00:00,457487,463726,8867,470277,94060,338757
2021-09-01 00:00:00+00:00,458157,466574,9283,475548,96067,340559
2021-09-02 00:00:00+00:00,458638,469565,9283,479376,96067,342508
2021-09-03 00:00:00+00:00,459077,472315,9283,484263,96067,342508
2021-09-04 00:00:00+00:00,459519,472315,9283,486819,96067,343807
2021-09-05 00:00:00+00:00,459844,472315,9283,487898,96067,343807
2021-09-06 00:00:00+00:00,459844,478144,9283,488538,96067,346134
2021-09-07 00:00:00+00:00,460499,481100,9283,492570,96067,347511
2021-09-08 00:00:00+00:00,460829,483984,9732,497690,96067,348894
2021-09-09 00:00:00+00:00,461230,486959,9732,500840,98122,348894
2021-09-10 00:00:00+00:00,461590,489784,9732,505640,98122,350879
2021-09-11 00:00:00+00:00,462010,489784,9732,509654,98122,350879
2021-09-12 00:00:00+00:00,462010,489784,9732,510724,98122,350879
2021-09-13 00:00:00+00:00,462224,489784,9732,511457,99701,353641
2021-09-14 00:00:00+00:00,462447,496736,9732,515756,99701,353641
2021-09-15 00:00:00+00:00,463086,499461,10245,519986,99701,354970
2021-09-16 00:00:00+00:00,463459,502362,10245,521093,99701,354970
2021-09-17 00:00:00+00:00,463783,505163,10245,525161,99701,356707
2021-09-18 00:00:00+00:00,464038,505163,10245,528588,99701,357654
2021-09-19 00:00:00+00:00,464288,505163,10245,529422,99701,357654
2021-09-20 00:00:00+00:00,464440,510653,10245,530026,102024,359768
2021-09-21 00:00:00+00:00,464781,513384,10245,533744,102024,360598
2021-09-22 00:00:00+00:00,465147,515931,10757,537987,102024,361527
2021-09-23 00:00:00+00:00,465471,518632,10757,542024,102024,361527
2021-09-24 00:00:00+00:00,465736,521182,10757,545796,102024,363017
2021-09-25 00:00:00+00:00,465993,521182,10757,548604,102024,363017
2021-09-26 00:00:00+00:00,466178,521182,10757,549560,102024,363017
2021-09-27 00:00:00+00:00,466357,525999,10757,550333,104348,363106
2021-09-28 00:00:00+00:00,466589,528077,10757,553289,104348,365259
2021-09-29 00:00:00+00:00,466851,530113,11273,557244,104348,365994
2021-09-30 00:00:00+00:00,467113,532185,11273,560315,104348,365994
2021-10-01 00:00:00+00:00,467338,533873,11273,563257,104348,367275
2021-10-02 00:00:00+00:00,467565,533873,11273,565566,104348,367275
2021-10-03 00:00:00+00:00,467740,533873,11273,566250,104348,367275
2021-10-04 00:00:00+00:00,467861,537916,11273,566636,104348,368324
2021-10-05 00:00:00+00:00,468114,539422,11273,569440,104348,368654
2021-10-06 00:00:00+00:00,468325,541036,11739,572103,107335,369030
2021-10-07 00:00:00+00:00,468545,542653,11739,574713,107664,369030
2021-10-08 00:00:00+00:00,468740,544021,11739,576818,107664,369030
2021-10-09 00:00:00+00:00,468963,544021,11739,578809,107664,369030
2021-10-10 00:00:00+00:00,469082,544021,11739,579489,107664,369030
2021-10-11 00:00:00+00:00,469190,546595,11739,579774,107664,370262
2021-10-12 00:00:00+00:00,469440,547914,11739,581498,107664,370968
2021-10-13 00:00:00+00:00,469569,549084,12169,583201,107664,371431
2021-10-14 00:00:00+00:00,469569,550134,12169,584613,109881,371861
2021-10-15 00:00:00+00:00,469998,551144,12169,586318,110188,371861
2021-10-16 00:00:00+00:00,469998,551144,12169,587687,110188,372179
2021-10-17 00:00:00+00:00,470264,551144,12169,588069,110188,372179
2021-10-18 00:00:00+00:00,470395,552953,12169,588262,110188,372179
2021-10-19 00:00:00+00:00,470395,553661,12169,589986,110188,373206
2021-10-20 00:00:00+00:00,470855,554604,12549,591460,110188,373206
2021-10-21 00:00:00+00:00,471060,554604,12549,591767,110188,373589
2021-10-22 00:00:00+00:00,471253,555970,12549,593459,112290,373838
2021-10-23 00:00:00+00:00,471403,555970,12549,594665,112290,374148
2021-10-24 00:00:00+00:00,471403,555970,12549,595008,112290,374148
2021-10-25 00:00:00+00:00,471669,557165,12549,595067,112290,374148
2021-10-26 00:00:00+00:00,471884,557922,12549,596417,113422,374783
2021-10-27 00:00:00+00:00,472057,558654,12866,597768,113422,374783
2021-10-28 00:00:00+00:00,472197,559250,12866,599042,113422,375213
2021-10-29 00:00:00+00:00,472398,559698,12866,600419,113422,375213
2021-10-30 00:00:00+00:00,472534,559698,12866,601402,113422,375381
2021-10-31 00:00:00+00:00,472664,559698,12866,601572,113422,375381
2021-11-01 00:00:00+00:00,472664,560563,12866,601657,113422,375381
2021-11-02 00:00:00+00:00,472877,561054,12866,601793,113422,375877
2021-11-03 00:00:00+00:00,473005,561432,13047,602575,113422,375983
2021-11-04 00:00:00+00:00,473089,561829,13047,603641,113422,375983
2021-11-05 00:00:00+00:00,473183,562316,13047,604586,113422,376281
2021-11-06 00:00:00+00:00,473303,562316,13047,605415,116258,376281
2021-11-07 00:00:00+00:00,473416,562316,13047,605664,116258,376281
2021-11-08 00:00:00+00:00,473522,562966,13047,605749,116258,376595
2021-11-09 00:00:00+00:00,473522,563290,13047,606743,116258,376676
2021-11-10 00:00:00+00:00,473903,563290,13150,607497,117350,376676
2021-11-11 00:00:00+00:00,474002,563924,13150,608307,117350,376841
2021-11-12 00:00:00+00:00,474231,564159,13150,609136,117544,376841
2021-11-13 00:00:00+00:00,474453,564159,13150,609729,117722,376873
2021-11-14 00:00:00+00:00,474621,564159,13150,610004,117884,376967
2021-11-15 00:00:00+00:00,474621,564662,13150,610034,118041,377102
2021-11-16 00:00:00+00:00,474928,564901,13150,610591,118041,377102
2021-11-17 00:00:00+00:00,475166,565096,13242,611374,118041,377293
2021-11-18 00:00:00+00:00,475369,565347,13242,611374,118041,377293
2021-11-19 00:00:00+00:00,475369,565548,13242,613014,118041,377420
2021-11-20 00:00:00+00:00,475835,565548,13242,613713,118041,377420
2021-11-21 00:00:00+00:00,475997,565548,13242,613892,118041,377420
2021-11-22 00:00:00+00:00,476129,565952,13242,613950,118041,377527
2021-11-23 00:00:00+00:00,476343,566119,13242,614910,118041,377527
2021-11-24 00:00:00+00:00,476611,566296,13330,615725,118041,377712
2021-11-25 00:00:00+00:00,476813,566429,13330,616554,118041,377712
2021-11-26 00:00:00+00:00,477096,566560,13330,617037,118041,377859
2021-11-27 00:00:00+00:00,477306,566560,13330,617495,118919,377859
2021-11-28 00:00:00+00:00,477306,566560,13330,617610,119803,377859
2021-11-29 00:00:00+00:00,477514,566560,13330,617621,119803,377859
2021-11-30 00:00:00+00:00,477742,566839,13330,617984,119803,377859
2021-12-01 00:00:00+00:00,477990,566959,13397,618436,119803,377859
2021-12-02 00:00:00+00:00,478275,567263,13397,618727,119803,377859
2021-12-03 00:00:00+00:00,478543,567383,13397,619040,119803,378251
2021-12-04 00:00:00+00:00,478543,567383,13397,619542,119803,378251
2021-12-05 00:00:00+00:00,479053,567383,13397,619852,119803,378251
2021-12-06 00:00:00+00:00,479053,567614,13397,619891,119803,378251
2021-12-07 00:00:00+00:00,479231,567706,13397,620435,119803,378251
2021-12-08 00:00:00+00:00,479563,567706,13449,620853,119803,378251
2021-12-09 00:00:00+00:00,480090,567906,13449,621328,119803,378423
2021-12-10 00:00:00+00:00,480217,567995,13449,621844,119803,378423
2021-12-11 00:00:00+00:00,480573,567995,13449,622168,119803,378423
2021-12-12 00:00:00+00:00,480781,567995,13449,622229,121127,378423
2021-12-13 00:00:00+00:00,480781,567995,13449,622237,121200,378615
2021-12-14 00:00:00+00:00,481438,568305,13449,622525,121267,378615
2021-12-15 00:00:00+00:00,481438,568373,13493,622866,121267,378685
2021-12-16 00:00:00+00:00,481824,568428,13493,623195,121384,378685
2021-12-17 00:00:00+00:00,482677,568538,13493,623449,121437,378685
2021-12-18 00:00:00+00:00,482677,568538,13493,623662,121484,378685
2021-12-19 00:00:00+00:00,483063,568538,13493,623731,121530,378685
2021-12-20 00:00:00+00:00,483386,568538,13493,623795,121530,378685
2021-12-21 00:00:00+00:00,483638,568860,13493,624171,121623,378685
2021-12-22 00:00:00+00:00,484793,568860,13531,624544,121623,378685
2021-12-23 00:00:00+00:00,485512,568860,13531,624866,121661,378685
2021-12-24 00:00:00+00:00,485512,568860,13531,625029,121741,378685
2021-12-25 00:00:00+00:00,487204,568860,13531,625127,121741,379073
2021-12-26 00:00:00+00:00,487767,568860,13531,625166,121741,379073
2021-12-27 00:00:00+00:00,488341,568860,13531,625257,121741,379276
2021-12-28 00:00:00+00:00,489695,570556,13531,625854,121741,379402
2021-12-29 00:00:00+00:00,491043,570556,13563,626675,121741,379402
2021-12-30 00:00:00+00:00,491043,570556,13563,627562,121945,379402
2021-12-31 00:00:00+00:00,495920,570556,13563,628359,121945,379402
2022-01-01 00:00:00+00:00,497808,570556,13563,628589,121945,379402
2022-01-02 00:00:00+00:00,498785,570556,13563,628695,121945,379402
2022-01-03 00:00:00+00:00,500148,570556,13563,628804,122063,379402
2022-01-04 00:00:00+00:00,500148,575871,13563,629811,122063,379402
2022-01-05 00:00:00+00:00,503407,578413,13589,631730,122063,379402
2022-01-06 00:00:00+00:00,512402,581394,13589,631730,122063,379402
2022-01-07 00:00:00+00:00,517445,584547,13589,635613,122234,379402
2022-01-08 00:00:00+00:00,522249,584547,13589,637663,122234,381254
2022-01-09 00:00:00+00:00,526315,584547,13589,638705,122469,381254
2022-01-10 00:00:00+00:00,529454,591745,13589,639048,122628,381254
2022-01-11 00:00:00+00:00,533559,595795,13589,641164,122628,382440
2022-01-12 00:00:00+00:00,540072,599965,13589,643447,123025,382440
2022-01-13 00:00:00+00:00,540072,604658,13589,646319,123025,382440
2022-01-14 00:00:00+00:00,558676,609882,13589,648947,123577,382440
2022-01-15 00:00:00+00:00,567578,609882,13589,651774,123577,382440
2022-01-16 00:00:00+00:00,574856,609882,13589,653171,123577,382440
2022-01-17 00:00:00+00:00,580324,620587,13589,653555,123577,385362
2022-01-18 00:00:00+00:00,591843,625952,13589,656456,123577,385964
2022-01-19 00:00:00+00:00,602606,631311,13646,659655,123577,385964
2022-01-20 00:00:00+00:00,614957,637327,13646,662828,123577,387515
2022-01-21 00:00:00+00:00,626890,643496,13646,666017,127012,387515
2022-01-22 00:00:00+00:00,626890,643496,13646,669012,127012,387515
2022-01-23 00:00:00+00:00,644683,643496,13646,669830,127012,387515
2022-01-24 00:00:00+00:00,644683,643496,13646,670489,127012,387515
2022-01-25 00:00:00+00:00,650138,661684,13646,673559,127012,391145
2022-01-26 00:00:00+00:00,669860,668209,13681,677214,127012,391145
2022-01-27 00:00:00+00:00,678128,675178,13681,681308,127012,391874
2022-01-28 00:00:00+00:00,685630,682480,13681,685542,127012,391874
2022-01-29 00:00:00+00:00,692634,682480,13681,688326,133262,391874
2022-01-30 00:00:00+00:00,697124,682480,13681,689609,134155,391874
2022-01-31 00:00:00+00:00,697124,694865,13681,690290,135109,391874
2022-02-01 00:00:00+00:00,705880,701471,13681,694513,135109,391874
2022-02-02 00:00:00+00:00,705880,708560,13727,698385,135109,391874
2022-02-03 00:00:00+00:00,717171,715749,13727,702310,135109,391874
2022-02-04 00:00:00+00:00,721479,721971,13727,705614,135109,391874
2022-02-05 00:00:00+00:00,721479,721971,13727,709910,135109,391874
2022-02-06 00:00:00+00:00,727413,721971,13727,711076,135109,391874
2022-02-07 00:00:00+00:00,727413,733708,13727,712057,135109,391874
2022-02-08 00:00:00+00:00,732207,739844,13727,716082,135109,391874
2022-02-09 00:00:00+00:00,735235,745949,13792,720802,135109,391874
2022-02-10 00:00:00+00:00,737659,751605,13792,725701,135109,391874
2022-02-11 00:00:00+00:00,739770,757093,13792,729977,135109,391874
2022-02-12 00:00:00+00:00,741651,757093,13792,733960,135109,391874
2022-02-13 00:00:00+00:00,742854,757093,13792,735099,135109,391874
2022-02-14 00:00:00+00:00,742854,766520,13792,735957,147786,391874
2022-02-15 00:00:00+00:00,745367,771027,13792,740011,147786,391874
2022-02-16 00:00:00+00:00,746695,775318,13877,744754,147786,404764
2022-02-17 00:00:00+00:00,747916,779323,13877,749257,147786,404764
2022-02-18 00:00:00+00:00,749135,783437,13877,753281,147786,404764
2022-02-19 00:00:00+00:00,749135,783437,13877,756600,147786,404764
2022-02-20 00:00:00+00:00,750760,783437,13877,757588,147786,404764
2022-02-21 00:00:00+00:00,750760,790444,13877,758303,147786,408456
2022-02-22 00:00:00+00:00,752173,793835,13877,762096,147786,408456
2022-02-23 00:00:00+00:00,752907,797030,13958,766475,147786,409708
2022-02-24 00:00:00+00:00,753694,799826,13958,770135,147786,411212
2022-02-25 00:00:00+00:00,754362,802472,13958,773575,147786,411212
2022-02-26 00:00:00+00:00,754905,802472,13958,776262,147786,411212
2022-02-27 00:00:00+00:00,755262,802472,13958,776991,147786,411212
2022-02-28 00:00:00+00:00,755498,806928,13958,776991,156364,411212
2022-03-01 00:00:00+00:00,755853,809131,13958,780815,156364,412733
2022-03-02 00:00:00+00:00,756085,811040,14035,784024,156364,412733
2022-03-03 00:00:00+00:00,756539,812812,14035,786869,156364,413699
2022-03-04 00:00:00+00:00,757061,814583,14035,789354,156364,413699
2022-03-05 00:00:00+00:00,757487,814583,14035,791944,156364,413699
2022-03-06 00:00:00+00:00,757487,814583,14035,792503,156364,413699
2022-03-07 00:00:00+00:00,757930,817538,14035,792961,156364,413699
2022-03-08 00:00:00+00:00,758312,818996,14035,795808,156364,414714
2022-03-09 00:00:00+00:00,758613,820445,14108,798400,156364,414714
2022-03-10 00:00:00+00:00,758923,821813,14108,800403,156364,414714
2022-03-11 00:00:00+00:00,759224,822935,14108,802744,156364,414714
2022-03-12 00:00:00+00:00,759224,822935,14108,804709,156364,416729
2022-03-13 00:00:00+00:00,759636,822935,14108,805030,156364,416729
2022-03-14 00:00:00+00:00,759782,825158,14108,805393,156364,416729
2022-03-15 00:00:00+00:00,760105,826251,14108,807453,156364,417201
2022-03-16 00:00:00+00:00,760405,827346,14170,809586,156364,417201
2022-03-17 00:00:00+00:00,760735,828442,14170,812125,160305,417201
2022-03-18 00:00:00+00:00,761004,829400,14170,814111,160942,418300
2022-03-19 00:00:00+00:00,761004,829400,14170,815776,161052,418300
2022-03-20 00:00:00+00:00,761508,829400,14170,816136,161052,418300
2022-03-21 00:00:00+00:00,761508,831152,14170,816653,161052,418300
2022-03-22 00:00:00+00:00,762008,832054,14170,818454,161052,418460
2022-03-23 00:00:00+00:00,762394,832966,14222,820477,161052,418492
2022-03-24 00:00:00+00:00,762735,833909,14222,821834,161052,418792
2022-03-25 00:00:00+00:00,763025,834726,14222,823145,161052,420621
2022-03-26 00:00:00+00:00,763280,834726,14222,824159,161052,420621
2022-03-27 00:00:00+00:00,763483,834726,14222,824502,161052,420621
2022-03-28 00:00:00+00:00,763608,834726,14222,824644,161052,420621
2022-03-29 00:00:00+00:00,763933,834726,14222,826061,161052,420978
2022-03-30 00:00:00+00:00,764243,837828,14269,827596,161052,421013
2022-03-31 00:00:00+00:00,764536,838537,14269,828874,161052,421062
2022-04-01 00:00:00+00:00,764831,839368,14269,829881,161052,421062
2022-04-02 00:00:00+00:00,764831,839368,14269,830745,161052,421062
2022-04-03 00:00:00+00:00,765213,839368,14269,830933,161570,421062
2022-04-04 00:00:00+00:00,765337,839368,14269,831149,161570,421121
2022-04-05 00:00:00+00:00,765677,841343,14269,832159,161570,421121
2022-04-06 00:00:00+00:00,765930,841343,14306,832956,161570,421170
2022-04-07 00:00:00+00:00,766177,841343,14306,833723,161570,421268
2022-04-08 00:00:00+00:00,766504,841343,14306,834481,161570,421268
2022-04-09 00:00:00+00:00,766504,841343,14306,835213,161945,421268
2022-04-10 00:00:00+00:00,766931,841343,14306,835338,162089,421268
2022-04-11 00:00:00+00:00,766931,841343,14306,835425,162089,421268
2022-04-12 00:00:00+00:00,767067,844892,14306,836234,162089,421268
2022-04-13 00:00:00+00:00,767835,844892,14339,837087,162089,421268
2022-04-14 00:00:00+00:00,768199,844892,14339,837326,162089,421268
2022-04-15 00:00:00+00:00,768470,844892,14339,837377,162089,421268
2022-04-16 00:00:00+00:00,768470,844892,14339,837492,162089,421268
2022-04-17 00:00:00+00:00,768794,844892,14339,837558,162089,421268
2022-04-18 00:00:00+00:00,768978,844892,14339,837608,162089,421659
2022-04-19 00:00:00+00:00,769457,844892,14339,838518,162089,422239
2022-04-20 00:00:00+00:00,769976,847784,14371,839416,162089,422275
2022-04-21 00:00:00+00:00,770463,847784,14371,840477,162089,422275
2022-04-22 00:00:00+00:00,771005,847784,14371,841341,162089,422275
2022-04-23 00:00:00+00:00,771486,847784,14371,842369,162089,422275
2022-04-24 00:00:00+00:00,771819,847784,14371,842572,162089,422275
2022-04-25 00:00:00+00:00,772086,847784,14371,842653,162089,422469
2022-04-26 00:00:00+00:00,772830,847784,14371,843269,162089,422545
2022-04-27 00:00:00+00:00,773675,852074,14395,844059,162089,423179
2022-04-28 00:00:00+00:00,774549,852074,14395,844989,162089,423179
2022-04-29 00:00:00+00:00,775488,852074,14395,845868,162089,423179
2022-04-30 00:00:00+00:00,776420,852074,14395,846546,162089,423179
2022-05-01 00:00:00+00:00,777120,852074,14395,846611,162089,423179
2022-05-02 00:00:00+00:00,777658,852074,14395,846632,162089,423718
2022-05-03 00:00:00+00:00,778310,852074,14395,846785,162089,423775
2022-05-04 00:00:00+00:00,780148,857290,14422,847491,162089,423794
2022-05-05 00:00:00+00:00,782265,857290,14422,848098,162089,423879
2022-05-06 00:00:00+00:00,784184,857290,14422,848807,162089,423879
2022-05-07 00:00:00+00:00,786856,857290,14422,849417,162089,423879
2022-05-08 00:00:00+00:00,788471,857290,14422,849495,162089,423879
2022-05-09 00:00:00+00:00,789830,857290,14422,849552,162089,424365
2022-05-10 00:00:00+00:00,793137,866164,14422,850255,162089,424376
2022-05-11 00:00:00+00:00,796461,866164,14447,850255,162089,424390
2022-05-12 00:00:00+00:00,799975,866164,14447,851215,162089,424390
2022-05-13 00:00:00+00:00,803223,866164,14447,851877,162089,424447
2022-05-14 00:00:00+00:00,806277,866164,14447,852432,162089,424447
2022-05-15 00:00:00+00:00,808443,866164,14447,852503,162089,424447
2022-05-16 00:00:00+00:00,810242,866164,14447,852591,162089,424447
2022-05-17 00:00:00+00:00,810242,866164,14447,853280,162089,424771
2022-05-18 00:00:00+00:00,817658,877533,14473,854074,162089,424771
2022-05-19 00:00:00+00:00,821500,877533,14473,854891,162089,424771
2022-05-20 00:00:00+00:00,824917,877533,14473,855802,162089,424771
2022-05-21 00:00:00+00:00,828120,877533,14473,856376,162089,424771
2022-05-22 00:00:00+00:00,830287,877533,14473,856496,162089,424859
2022-05-23 00:00:00+00:00,832045,877533,14473,856576,162089,424859
2022-05-24 00:00:00+00:00,835921,891038,14473,857197,162089,424859
2022-05-25 00:00:00+00:00,839746,891038,14508,858015,162089,425087
2022-05-26 00:00:00+00:00,843697,891038,14508,858629,162755,425113
2022-05-27 00:00:00+00:00,847375,891038,14508,859311,162755,425113
2022-05-28 00:00:00+00:00,850484,891038,14508,860006,162755,425113
2022-05-29 00:00:00+00:00,852607,891038,14508,860098,162755,425113
2022-05-30 00:00:00+00:00,854449,891038,14508,860169,162755,425113
2022-05-31 00:00:00+00:00,858268,891038,14508,861002,162755,425371
2022-06-01 00:00:00+00:00,861711,904934,14538,861916,162755,425371
2022-06-02 00:00:00+00:00,865500,904934,14538,862756,162755,425371
2022-06-03 00:00:00+00:00,868796,904934,14538,863595,162755,425371
2022-06-04 00:00:00+00:00,871852,904934,14538,864560,162755,425417
2022-06-05 00:00:00+00:00,873794,904934,14538,864662,163735,425471
2022-06-06 00:00:00+00:00,875486,904934,14538,864768,163735,425471
2022-06-07 00:00:00+00:00,879009,904934,14538,865900,164134,425471
2022-06-08 00:00:00+00:00,882253,904934,14577,867301,164134,425471
2022-06-09 00:00:00+00:00,885046,904934,14577,868360,164134,425564
2022-06-10 00:00:00+00:00,887637,904934,14577,868360,164134,425564
2022-06-11 00:00:00+00:00,889960,904934,14577,870897,164134,425564
2022-06-12 00:00:00+00:00,891349,904934,14577,871112,164134,425655
2022-06-13 00:00:00+00:00,892455,904934,14577,871263,164134,425655
2022-06-14 00:00:00+00:00,894844,904934,14577,872788,164134,425655
2022-06-15 00:00:00+00:00,896924,904934,14619,874926,164134,425655
2022-06-16 00:00:00+00:00,898882,904934,14619,876499,164134,425930
2022-06-17 00:00:00+00:00,900333,904934,14619,878401,164134,426095
2022-06-18 00:00:00+00:00,902386,904934,14619,880169,164134,426095
2022-06-19 00:00:00+00:00,903529,904934,14619,880467,164134,426095
2022-06-20 00:00:00+00:00,904355,904934,14619,880715,164134,426095
2022-06-21 00:00:00+00:00,906435,904934,14619,880715,169646,426095
2022-06-22 00:00:00+00:00,908392,904934,14619,886747,169646,426095
2022-06-23 00:00:00+00:00,910522,904934,14619,889913,169646,426095
2022-06-24 00:00:00+00:00,912348,904934,14619,893071,169646,426490
2022-06-25 00:00:00+00:00,913932,904934,14619,896133,169646,426490
2022-06-26 00:00:00+00:00,915057,904934,14619,896850,169646,426490
2022-06-27 00:00:00+00:00,915923,904934,14619,897462,169646,426879
2022-06-28 00:00:00+00:00,917912,904934,14619,901300,169646,426879
2022-06-29 00:00:00+00:00,919740,904934,14690,905642,169646,427355
2022-06-30 00:00:00+00:00,921364,904934,14690,910714,169646,427355
2022-07-01 00:00:00+00:00,922990,904934,14690,915321,169646,427718
2022-07-02 00:00:00+00:00,922990,904934,14690,918797,169646,427718
2022-07-03 00:00:00+00:00,925254,904934,14690,920294,169646,427718
2022-07-04 00:00:00+00:00,925254,904934,14690,921146,169646,427718
2022-07-05 00:00:00+00:00,925254,904934,14690,922340,169646,427718
2022-07-06 00:00:00+00:00,925254,904934,14690,922340,169646,427718
